company,email,country,industry
Paystack,jobs@paystack.com,Nigeria,Fintech
Flutterwave,careers@flutterwave.com,Nigeria,Fintech
Kuda Bank,hello@kuda.com,Nigeria,Fintech
PiggyVest,hello@piggyvest.com,Nigeria,Fintech
Cowrywise,hello@cowrywise.com,Nigeria,Fintech
Carbon,hello@getcarbon.co,Nigeria,Fintech
Risevest,hello@rise.capital,Nigeria,Fintech
OPay,support@opay.com,Nigeria,Fintech
PalmPay,support@palmpay-inc.com,Nigeria,Fintech
FairMoney,hello@fairmoney.io,Nigeria,Fintech
Branch Nigeria,support.ng@branch.co,Nigeria,Fintech
Moniepoint,hello@moniepoint.com,Nigeria,Fintech
TeamApt,careers@teamapt.com,Nigeria,Fintech
Paga,info@mypaga.com,Nigeria,Fintech
Interswitch,careers@interswitchgroup.com,Nigeria,Fintech
Brass,hello@trybrass.com,Nigeria,Fintech
Prospa,hello@prospa.co,Nigeria,Fintech
Duplo,hello@tryduplo.com,Nigeria,Fintech
Anchor,hello@getanchor.co,Nigeria,Fintech
Sudo Africa,hello@sudo.africa,Nigeria,Fintech
Bloc,hello@bloc.money,Nigeria,Fintech
Lenco,hello@lenco.co,Nigeria,Fintech
Raven Bank,hello@ravenbank.app,Nigeria,Fintech
Nomba,hello@nomba.com,Nigeria,Fintech
Mono,hello@mono.co,Nigeria,Fintech
Termii,hello@termii.com,Nigeria,Fintech
Stitch Money,hello@stitch.money,Nigeria,Fintech
Bankly,hello@bankly.ng,Nigeria,Fintech
CredPal,hello@credpal.com,Nigeria,Fintech
Mines.io,hello@mines.io,Nigeria,Fintech
Lidya,hello@lidya.com,Nigeria,Fintech
Indicina,hello@indicina.co,Nigeria,Fintech
Buypower,hello@buypower.ng,Nigeria,Fintech
VFD Group,info@vfd.ng,Nigeria,Fintech
Baxi,support@baxi.ng,Nigeria,Fintech
Payarena,support@payarena.com,Nigeria,Fintech
9PSB,info@9psb.com.ng,Nigeria,Fintech
Zedcrest,info@zedcrest.com,Nigeria,Fintech
Patricia,support@patricia.com.ng,Nigeria,Fintech
Wema ALAT,alat@wemabank.com,Nigeria,Fintech
Stanbic Digital,digital@stanbicibtc.com,Nigeria,Fintech
Sterling OneBank,onebank@sterling.ng,Nigeria,Fintech
Access Digital,digital@accessbankplc.com,Nigeria,Fintech
GTB Habari,habari@gtbank.com,Nigeria,Fintech
Zenith Digital,digital@zenithbank.com,Nigeria,Fintech
UBA Connect,connect@ubagroup.com,Nigeria,Fintech
Fidelity Digital,digital@fidelitybank.ng,Nigeria,Fintech
Eyowo,hello@eyowo.com,Nigeria,Fintech
Okra,hello@okra.ng,Nigeria,Fintech
Onepipe,hello@onepipe.io,Nigeria,Fintech
Pstache,hello@pstache.co,Nigeria,Fintech
Monnify,hello@monnify.com,Nigeria,Fintech
Remita,info@remita.net,Nigeria,Fintech
eTranzact,info@etranzact.com,Nigeria,Fintech
Quickteller,support@quickteller.com,Nigeria,Fintech
Fliqpay,hello@fliqpay.com,Nigeria,Fintech
Zazpay,hello@zazpay.com,Nigeria,Fintech
Eversend Nigeria,hello.ng@eversend.co,Nigeria,Fintech
Chipper Cash Nigeria,hello.ng@chippercash.com,Nigeria,Fintech
Sendcash,hello@sendcash.africa,Nigeria,Fintech
Grey Finance,hello@grey.finance,Nigeria,Fintech
Cleva,hello@getcleva.com,Nigeria,Fintech
Geegpay,hello@geegpay.com,Nigeria,Fintech
Leatherback,hello@leatherback.co,Nigeria,Fintech
Afriex Nigeria,hello.ng@afriex.co,Nigeria,Fintech
LemFi,hello@lemfi.com,Nigeria,Fintech
Zone,hello@zone.africa,Nigeria,Fintech
Kora,hello@korahq.com,Nigeria,Fintech
Fincra,hello@fincra.com,Nigeria,Fintech
Bani,hello@getbani.com,Nigeria,Fintech
Seerbit,hello@seerbit.com,Nigeria,Fintech
Maplerad,hello@maplerad.com,Nigeria,Fintech
Budpay,hello@budpay.com,Nigeria,Fintech
Glade,hello@glade.ng,Nigeria,Fintech
Payday,hello@usepayday.com,Nigeria,Fintech
Pocket App,hello@pocketapp.com,Nigeria,Fintech
Vella Finance,hello@vellafinance.com,Nigeria,Fintech
Kippa,hello@kippa.africa,Nigeria,Fintech
Float Finance,hello@floatfinance.co,Nigeria,Fintech
Pade HCM,hello@pade.com,Nigeria,Fintech
Workpay Nigeria,hello.ng@workpay.africa,Nigeria,Fintech
Earnipay,hello@earnipay.com,Nigeria,Fintech
Salad Africa,hello@salad.africa,Nigeria,Fintech
Amplify Pay,hello@amplifypay.com,Nigeria,Fintech
Lazerpay,hello@lazerpay.io,Nigeria,Fintech
Koinz Nigeria,hello.ng@koinz.me,Nigeria,Fintech
Payvry,hello@payvry.com,Nigeria,Fintech
Fuspay,hello@fuspay.com,Nigeria,Fintech
Nairagram,hello@nairagram.com,Nigeria,Fintech
SendNG,hello@send.ng,Nigeria,Fintech
Paytyme,hello@paytyme.com,Nigeria,Fintech
Bankease,hello@bankease.ng,Nigeria,Fintech
Cashtoken,info@cashtoken.ng,Nigeria,Fintech
Smartcash,info@smartcash.com.ng,Nigeria,Fintech
Zippyment,hello@zippyment.com,Nigeria,Fintech
Credsy,hello@credsy.ng,Nigeria,Fintech
Precium,hello@precium.ng,Nigeria,Fintech
Migo Money,hello@migo.money,Nigeria,Fintech
Traction Apps,hello@tractionapps.co,Nigeria,Fintech
Bumpa Finance,finance@bumpa.shop,Nigeria,Fintech
Trove Finance,hello@troveapp.co,Nigeria,Fintech
Bamboo Invest,hello@investbamboo.com,Nigeria,Fintech
Chaka,hello@chaka.ng,Nigeria,Fintech
Vest Africa,hello@vest.africa,Nigeria,Fintech
Halo Invest,hello@haloinvest.co,Nigeria,Fintech
Afrinvest Digital,digital@afrinvest.com,Nigeria,Fintech
ARM Digital,digital@arm.com.ng,Nigeria,Fintech
Meristem Digital,digital@meristem.com,Nigeria,Fintech
Stanbic Wealth,wealth@stanbicibtc.com,Nigeria,Fintech
Coronation Digital,digital@coronationmb.com,Nigeria,Fintech
Chapel Hill Denham,info@chapelhilldenham.com,Nigeria,Fintech
CardinalStone Digital,digital@cardinalstone.com,Nigeria,Fintech
FCMB Digital,digital@fcmb.com,Nigeria,Fintech
Heritage Digital,digital@heritagebankplc.com,Nigeria,Fintech
Keystone Digital,digital@keystonebankng.com,Nigeria,Fintech
Providus Digital,digital@providusbank.com,Nigeria,Fintech
Titan Trust Digital,digital@titantrust.bank,Nigeria,Fintech
SunTrust Digital,digital@suntrustng.com,Nigeria,Fintech
Parallex Digital,digital@parallexbank.com,Nigeria,Fintech
Globus Digital,digital@globusbank.com,Nigeria,Fintech
Signature Digital,digital@signaturebank.ng,Nigeria,Fintech
Premium Trust Digital,digital@premiumtrustbank.com,Nigeria,Fintech
Andela,talent@andela.com,Nigeria,Tech/Software
Softcom,info@softcom.ng,Nigeria,Tech/Software
SystemSpecs,info@systemspecs.com.ng,Nigeria,Tech/Software
Inlaks,info@inlaks.com,Nigeria,Tech/Software
MainOne,info@mainone.net,Nigeria,Tech/Software
Spectranet,care@spectranet.com.ng,Nigeria,Tech/Software
Smile Communications,care@smile.com.ng,Nigeria,Tech/Software
CWG Plc,info@cwg-plc.com,Nigeria,Tech/Software
Zinox Technologies,info@zinoxtech.com,Nigeria,Tech/Software
Chams Mobile,info@chamsmobile.com,Nigeria,Tech/Software
Terragon Group,info@terragongroup.com,Nigeria,Tech/Software
Whogohost,support@whogohost.com,Nigeria,Tech/Software
Qservers,support@qservers.net,Nigeria,Tech/Software
DomainKing,support@domainking.ng,Nigeria,Tech/Software
Rack Centre,info@rackcentre.com,Nigeria,Tech/Software
Cybervergent,info@cybervergent.com,Nigeria,Tech/Software
Seamfix,info@seamfix.com,Nigeria,Tech/Software
Youverify,hello@youverify.co,Nigeria,Tech/Software
Identitypass,hello@myidentitypass.com,Nigeria,Tech/Software
Dojah,hello@dojah.io,Nigeria,Tech/Software
Smile ID,hello@smileidentity.com,Nigeria,Tech/Software
Prembly,hello@prembly.com,Nigeria,Tech/Software
Truestamp,hello@truestamp.ng,Nigeria,Tech/Software
Kloverharris,info@kloverharris.com,Nigeria,Tech/Software
Workbrook,info@workbrook.com,Nigeria,Tech/Software
GetEquity,hello@getequity.io,Nigeria,Tech/Software
HoaQ,hello@hoaq.com,Nigeria,Tech/Software
Ventures Platform,hello@venturesplatform.com,Nigeria,Tech/Software
Microtraction,hello@microtraction.com,Nigeria,Tech/Software
Founders Factory Africa,info@foundersfactory.africa,Nigeria,Tech/Software
Co-Creation Hub,info@cchubnigeria.com,Nigeria,Tech/Software
Wennovation Hub,info@wennovationhub.org,Nigeria,Tech/Software
Itanna,hello@itanna.io,Nigeria,Tech/Software
Helicarrier,hello@helicarrier.co,Nigeria,Tech/Software
Proware Tech,info@prowaretechnologies.com,Nigeria,Tech/Software
Websoft,info@websoft.ng,Nigeria,Tech/Software
Printivo,hello@printivo.com,Nigeria,Tech/Software
Deimos,info@deimos.com.ng,Nigeria,Tech/Software
Venia Business,info@veniabusiness.com,Nigeria,Tech/Software
Touchcore,info@touchcore.com.ng,Nigeria,Tech/Software
Fero Mobile,info@feromobile.com,Nigeria,Tech/Software
Softlearn,info@softlearn.ng,Nigeria,Tech/Software
Seamhealth,hello@seamhealth.com,Nigeria,Tech/Software
Byteworks,info@byteworks.com.ng,Nigeria,Tech/Software
Interswitch Tech,tech@interswitchgroup.com,Nigeria,Tech/Software
eProcess International,info@eprocessng.com,Nigeria,Tech/Software
Infostrategy Tech,info@infostrategytechnology.com,Nigeria,Tech/Software
Medallion Comms,info@medallion.com.ng,Nigeria,Tech/Software
Internet Solutions Nigeria,info@is.co.za,Nigeria,Tech/Software
Roke Telkom,info@roke.com.ng,Nigeria,Tech/Software
Ntel,info@ntel.com.ng,Nigeria,Tech/Software
IHS Towers,info@ihstowers.com,Nigeria,Tech/Software
American Tower Nigeria,info.ng@americantower.com,Nigeria,Tech/Software
Helios Towers Nigeria,info.ng@heliostowers.com,Nigeria,Tech/Software
MTN Nigeria,careers@mtnnigeria.net,Nigeria,Tech/Software
Airtel Nigeria,careers.ng@airtel.com,Nigeria,Tech/Software
Glo Nigeria,careers@gloworld.com,Nigeria,Tech/Software
9mobile,careers@9mobile.ng,Nigeria,Tech/Software
Ntel Nigeria,careers@ntel.com.ng,Nigeria,Tech/Software
Spectranet Career,careers@spectranet.com.ng,Nigeria,Tech/Software
Ipnx Nigeria,info@ipnxnigeria.net,Nigeria,Tech/Software
WifiCity,info@wificityng.com,Nigeria,Tech/Software
TechQuest Academy,info@techquestacademy.com,Nigeria,Tech/Software
Interswitch Academy,academy@interswitchgroup.com,Nigeria,Tech/Software
Data Science Nigeria,info@datasciencenigeria.org,Nigeria,Tech/Software
AI Nigeria,info@ainigeria.ai,Nigeria,Tech/Software
Open Source Community Africa,info@oscafrica.org,Nigeria,Tech/Software
GDG Lagos,lagos@gdg.community,Nigeria,Tech/Software
GDG Abuja,abuja@gdg.community,Nigeria,Tech/Software
GDG Port Harcourt,ph@gdg.community,Nigeria,Tech/Software
Nigeria Tech Tribe,info@nigeriatechTribe.com,Nigeria,Tech/Software
Techies In Nigeria,hello@techiesinnigeria.com,Nigeria,Tech/Software
NaijaDevs,info@naijadevs.com,Nigeria,Tech/Software
Lagos Startup Week,info@lagosstartupweek.com,Nigeria,Tech/Software
Startup Lagos,info@startuplagos.com,Nigeria,Tech/Software
Startup Abuja,info@startupabuja.com,Nigeria,Tech/Software
Abuja Tech Village,info@abujatech.village,Nigeria,Tech/Software
Yaba Tech Hub,info@yabatechhub.com,Nigeria,Tech/Software
Impact Hub Lagos,lagos@impacthub.net,Nigeria,Tech/Software
CcHub Abuja,abuja@cchubnigeria.com,Nigeria,Tech/Software
Kano Tech Hub,info@kanotechhub.com,Nigeria,Tech/Software
Enugu Tech Hub,info@enugutechhub.com,Nigeria,Tech/Software
Owerri Tech Hub,info@owerritechhub.com,Nigeria,Tech/Software
Benin Tech Hub,info@benintechhub.com,Nigeria,Tech/Software
Ibadan Tech Hub,info@ibadantechhub.com,Nigeria,Tech/Software
Calabar Tech Hub,info@calabartechhub.com,Nigeria,Tech/Software
Jumia Nigeria,careers.ng@jumia.com,Nigeria,E-commerce/Logistics
Konga,hr@konga.com,Nigeria,E-commerce/Logistics
Jiji Nigeria,support@jiji.ng,Nigeria,E-commerce/Logistics
Alerzo,hello@alerzo.com,Nigeria,E-commerce/Logistics
TradeDepot,hello@tradedepot.co,Nigeria,E-commerce/Logistics
Sabi,hello@sabi.am,Nigeria,E-commerce/Logistics
Omnibiz Africa,hello@omnibizafrica.com,Nigeria,E-commerce/Logistics
Betastore,hello@betastore.africa,Nigeria,E-commerce/Logistics
Vendease,hello@vendease.com,Nigeria,E-commerce/Logistics
Chowdeck,hello@chowdeck.com,Nigeria,E-commerce/Logistics
Glovo Nigeria,info.ng@glovoapp.com,Nigeria,E-commerce/Logistics
Bolt Food Nigeria,info.ng@bolt.eu,Nigeria,E-commerce/Logistics
Jumia Food,food.ng@jumia.com,Nigeria,E-commerce/Logistics
Kwik Delivery,hello@kwik.delivery,Nigeria,E-commerce/Logistics
Sendbox,hello@sendbox.co,Nigeria,E-commerce/Logistics
GIG Logistics,info@giglogistics.com,Nigeria,E-commerce/Logistics
Kobo360,hello@kobo360.com,Nigeria,E-commerce/Logistics
Lori Systems,hello@lorisystems.com,Nigeria,E-commerce/Logistics
Supermart,hello@supermart.ng,Nigeria,E-commerce/Logistics
DealDey,hello@dealdey.com,Nigeria,E-commerce/Logistics
Pricepally,hello@pricepally.com,Nigeria,E-commerce/Logistics
Foodlocker,hello@foodlocker.africa,Nigeria,E-commerce/Logistics
Printspace,info@printspace.ng,Nigeria,E-commerce/Logistics
Eden Life,hello@myedenlife.com,Nigeria,E-commerce/Logistics
Mano,hello@mano.africa,Nigeria,E-commerce/Logistics
Errand Africa,hello@errand.africa,Nigeria,E-commerce/Logistics
Gokada,hello@gokada.ng,Nigeria,E-commerce/Logistics
Max Delivery,delivery@max.ng,Nigeria,E-commerce/Logistics
Gricd,info@gricd.com,Nigeria,E-commerce/Logistics
Cold Chain,info@coldchain.ng,Nigeria,E-commerce/Logistics
Qosic,info@qosic.com,Nigeria,E-commerce/Logistics
Dellyman,info@dellyman.com,Nigeria,E-commerce/Logistics
Renda,hello@renda.africa,Nigeria,E-commerce/Logistics
Flexpay,hello@flexpay.ng,Nigeria,E-commerce/Logistics
Trendyol Nigeria,info.ng@trendyol.com,Nigeria,E-commerce/Logistics
Kara Nigeria,info@kara.com.ng,Nigeria,E-commerce/Logistics
Slot Nigeria,info@slot.ng,Nigeria,E-commerce/Logistics
Pointek,info@pointekng.com,Nigeria,E-commerce/Logistics
3CHub,info@3chub.com,Nigeria,E-commerce/Logistics
Fouani Nigeria,info@fouani.com,Nigeria,E-commerce/Logistics
Ecostore,info@ecostoreng.com,Nigeria,E-commerce/Logistics
Bonga,hello@bonga.ng,Nigeria,E-commerce/Logistics
Obiwezy,info@obiwezy.com,Nigeria,E-commerce/Logistics
Autopowerng,info@autopowerng.com,Nigeria,E-commerce/Logistics
Cars45 Nigeria,hello.ng@cars45.com,Nigeria,E-commerce/Logistics
Autochek Nigeria,hello.ng@autochek.africa,Nigeria,E-commerce/Logistics
Cheki Nigeria,info@cheki.com.ng,Nigeria,E-commerce/Logistics
Carhouse Nigeria,info@carhouse.ng,Nigeria,E-commerce/Logistics
Motorhq,info@motorhq.com,Nigeria,E-commerce/Logistics
Carmart,info@carmart.ng,Nigeria,E-commerce/Logistics
Helium Health,hello@heliumhealth.com,Nigeria,Healthtech
54gene,info@54gene.com,Nigeria,Healthtech
Kangpe,hello@kangpe.com,Nigeria,Healthtech
LifeBank,hello@lifebank.ng,Nigeria,Healthtech
Remedial Health,hello@remedialhealth.com,Nigeria,Healthtech
DrugStoc,info@drugstoc.com,Nigeria,Healthtech
eHealth Africa,info@ehealthafrica.org,Nigeria,Healthtech
Wella Health,hello@wellahealth.com,Nigeria,Healthtech
Healthtracka,hello@healthtracka.com,Nigeria,Healthtech
Clinify Health,hello@clinify.ng,Nigeria,Healthtech
Famasi Africa,hello@famasi.africa,Nigeria,Healthtech
CribMD,hello@cribmd.com,Nigeria,Healthtech
mDoc Healthcare,hello@mymdoc.com,Nigeria,Healthtech
Nira Medical,info@niramedical.com,Nigeria,Healthtech
Carefree Health,hello@carefree.health,Nigeria,Healthtech
Reliance HMO,hello@reliancehmo.com,Nigeria,Healthtech
HMO Care,info@hmocare.ng,Nigeria,Healthtech
Avon HMO,info@avonhmo.com,Nigeria,Healthtech
Hygeia HMO,info@hygeiahmo.com,Nigeria,Healthtech
Aiico HMO,info@aiicohmo.com,Nigeria,Healthtech
Clearline HMO,info@clearlinehmo.com,Nigeria,Healthtech
Fountain HMO,info@fountainhealthcare.net,Nigeria,Healthtech
Total Health Trust,info@totalhealthtrust.com,Nigeria,Healthtech
AXA HMO,info@axamansard.com,Nigeria,Healthtech
Leadway Health,info@leadwayhealth.com,Nigeria,Healthtech
Bastion Health,hello@bastionhealth.africa,Nigeria,Healthtech
Curacel,hello@curacel.co,Nigeria,Healthtech
Medsaf,hello@medsaf.com,Nigeria,Healthtech
Kudimata,hello@kudimata.com,Nigeria,Healthtech
Medicaid Radio,info@medicaidradio.com,Nigeria,Healthtech
Geek Health,info@geekhealth.ng,Nigeria,Healthtech
HospitalRunners,info@hospitalrunners.com,Nigeria,Healthtech
My Health Nigeria,info@myhealthnigeria.com,Nigeria,Healthtech
Derbymed,info@derbymed.com,Nigeria,Healthtech
Speakhealth,hello@speakhealth.ng,Nigeria,Healthtech
Doctored,hello@doctored.ng,Nigeria,Healthtech
Venia Health,hello@veniahealth.ng,Nigeria,Healthtech
Mobihealth,info@mobihealth.ng,Nigeria,Healthtech
Medicare Health,info@medicareafrica.ng,Nigeria,Healthtech
AltSchool Africa,hello@altschoolafrica.com,Nigeria,EdTech
Decagon,hello@decagonhq.com,Nigeria,EdTech
Stutern,hello@stutern.com,Nigeria,EdTech
Semicolon,hello@semicolon.africa,Nigeria,EdTech
Utiva,hello@utiva.io,Nigeria,EdTech
Side Hustle,hello@sidehustle.ng,Nigeria,EdTech
Edves,info@edves.net,Nigeria,EdTech
uLesson,hello@ulesson.com,Nigeria,EdTech
Gradely,hello@gradely.co,Nigeria,EdTech
Schoolable,info@schoolable.ng,Nigeria,EdTech
Ingressive for Good,hello@ingressive.com,Nigeria,EdTech
She Code Africa,hello@shecodeafrica.org,Nigeria,EdTech
Coderina,info@coderina.org,Nigeria,EdTech
Tenece Professional,info@tenece.com,Nigeria,EdTech
HiiT Plc,info@hiit.com.ng,Nigeria,EdTech
Jobberman,hello@jobberman.com,Nigeria,EdTech
MyJobMag,hello@myjobmag.com,Nigeria,EdTech
Ngcareers,info@ngcareers.com,Nigeria,EdTech
TalentQL,hello@talentql.com,Nigeria,EdTech
Workforce Group,info@workforcegroup.com,Nigeria,EdTech
Edufun,info@edufuntech.com,Nigeria,EdTech
PrepClass,info@prepclass.ng,Nigeria,EdTech
Tuteria,hello@tuteria.com,Nigeria,EdTech
ScholarX,info@scholarxapp.com,Nigeria,EdTech
Learnly App,hello@learnlyapp.com,Nigeria,EdTech
Clasam,info@clasam.com,Nigeria,EdTech
Ilmiya,info@ilmiya.ng,Nigeria,EdTech
Brainspace,hello@brainspace.ng,Nigeria,EdTech
Pearson Nigeria,info.ng@pearson.com,Nigeria,EdTech
Edubridge,info@edubridgeng.com,Nigeria,EdTech
Cowbell Education,info@cowbell.ng,Nigeria,EdTech
Edutech Nigeria,info@edutechng.com,Nigeria,EdTech
Techspark,info@techspark.ng,Nigeria,EdTech
GoMyCode Nigeria,info.ng@gomycode.com,Nigeria,EdTech
Codewaves,info@codewave.ng,Nigeria,EdTech
TechKids,info@techkidsng.com,Nigeria,EdTech
Codetrain Nigeria,info.ng@codetrain.africa,Nigeria,EdTech
DevCareer,hello@devcareer.io,Nigeria,EdTech
HNG Internship,hello@hng.tech,Nigeria,EdTech
Zuri Team,hello@thezuri.com,Nigeria,EdTech
I4G,info@ingressive4good.org,Nigeria,EdTech
Forloop Africa,info@forloop.africa,Nigeria,EdTech
PiggyTech Academy,academy@piggyvest.com,Nigeria,EdTech
Cowry Academy,academy@cowrywise.com,Nigeria,EdTech
Flutterwave Academy,academy@flutterwave.com,Nigeria,EdTech
Paystack Academy,academy@paystack.com,Nigeria,EdTech
Google Career Certificates NG,certng@google.com,Nigeria,EdTech
Microsoft Learn NG,learn.ng@microsoft.com,Nigeria,EdTech
AWS Training Nigeria,training.ng@amazon.com,Nigeria,EdTech
Meta Blueprint NG,blueprint.ng@meta.com,Nigeria,EdTech
Coursera Nigeria,nigeria@coursera.org,Nigeria,EdTech
Udemy Nigeria,nigeria@udemy.com,Nigeria,EdTech
Farmcrowdy,hello@farmcrowdy.com,Nigeria,Agritech
Thrive Agric,hello@thriveagric.com,Nigeria,Agritech
Releaf,hello@releaf.africa,Nigeria,Agritech
AgroMall,info@agromall.com,Nigeria,Agritech
Verdant Agritech,info@verdant-agritech.com,Nigeria,Agritech
Zowasel,info@zowasel.com,Nigeria,Agritech
Pricepally Agri,agri@pricepally.com,Nigeria,Agritech
Tule Farm,info@tulefarm.com,Nigeria,Agritech
Agrikore,info@agrikore.com,Nigeria,Agritech
Crop2Cash,info@crop2cash.com.ng,Nigeria,Agritech
Hello Tractor,hello@hellotractor.com,Nigeria,Agritech
Kitovu,hello@kitovu.com.ng,Nigeria,Agritech
Zenvus,info@zenvus.com,Nigeria,Agritech
ColdHubs,info@coldhubs.com,Nigeria,Agritech
WeFarm Nigeria,nigeria@wefarm.org,Nigeria,Agritech
OneAcre Fund Nigeria,nigeria@oneacrefund.org,Nigeria,Agritech
Babban Gona,info@babbangona.com,Nigeria,Agritech
Tomato Jos,info@tomatojos.com,Nigeria,Agritech
Farmgate Africa,info@farmgate.africa,Nigeria,Agritech
Agroaid,info@agroaid.ng,Nigeria,Agritech
Farmforte,info@farmforte.ng,Nigeria,Agritech
Livestocked,info@livestocked.com,Nigeria,Agritech
Digifarm Nigeria,nigeria@digifarm.com,Nigeria,Agritech
Agro4africa,info@agro4africa.com,Nigeria,Agritech
EZ Farming,info@ezfarming.com.ng,Nigeria,Agritech
Green Earth Farms,info@greenearthfarms.ng,Nigeria,Agritech
Paddock to Plate,info@paddocktoplate.ng,Nigeria,Agritech
Smartfarm NG,info@smartfarm.ng,Nigeria,Agritech
AgriPredict,info@agripredict.com,Nigeria,Agritech
FarmAble,info@farmable.ng,Nigeria,Agritech
Casava,hello@casava.co,Nigeria,Insurtech/Proptech
Tangerine Insurance,info@tangerine.life,Nigeria,Insurtech/Proptech
Octamile,info@octamile.com,Nigeria,Insurtech/Proptech
Bima Africa Nigeria,nigeria@bima.africa,Nigeria,Insurtech/Proptech
Leadway Digital,digital@leadway.com,Nigeria,Insurtech/Proptech
AXA Mansard Digital,digital@axamansard.com,Nigeria,Insurtech/Proptech
AIICO Digital,digital@aiicoplc.com,Nigeria,Insurtech/Proptech
Custodian Investment,info@custodian-plc.com,Nigeria,Insurtech/Proptech
NEM Insurance Digital,digital@neminsurance.net,Nigeria,Insurtech/Proptech
Linkage Assurance,info@linkageassurance.com,Nigeria,Insurtech/Proptech
Staco Insurance,info@staco-insurance.com,Nigeria,Insurtech/Proptech
Niger Insurance,info@nigerinsurance.com,Nigeria,Insurtech/Proptech
Wapic Insurance,info@wapic.com,Nigeria,Insurtech/Proptech
Coronation Insurance,info@coronationinsurance.com,Nigeria,Insurtech/Proptech
ARM Life,info@armlife.com.ng,Nigeria,Insurtech/Proptech
Mutual Benefits,info@mutualbenefitsassurance.com,Nigeria,Insurtech/Proptech
FBN Insurance,info@fbninsurance.com,Nigeria,Insurtech/Proptech
Zenith Insurance,info@zenithinsurance.com.ng,Nigeria,Insurtech/Proptech
Access Insurance,info@accessinsurance.com.ng,Nigeria,Insurtech/Proptech
Spleet,hello@spleet.africa,Nigeria,Insurtech/Proptech
Rentsmallsmall,hello@rentsmallsmall.com,Nigeria,Insurtech/Proptech
Coreum,hello@coreum.africa,Nigeria,Insurtech/Proptech
PropertyPro,hello@propertypro.ng,Nigeria,Insurtech/Proptech
Realforce,hello@realforce.africa,Nigeria,Insurtech/Proptech
Landmaster,info@landmaster.ng,Nigeria,Insurtech/Proptech
Buylet,info@buylet.ng,Nigeria,Insurtech/Proptech
Hutbay,info@hutbay.com,Nigeria,Insurtech/Proptech
Tolet,info@tolet.com.ng,Nigeria,Insurtech/Proptech
Finelib,info@finelib.com,Nigeria,Insurtech/Proptech
Private Property Nigeria,info.ng@privateproperty.com,Nigeria,Insurtech/Proptech
Jamesons Estate,info@jamesonsestate.ng,Nigeria,Insurtech/Proptech
Veritasi Homes,info@veritasihomes.com,Nigeria,Insurtech/Proptech
RevolutionPlus,info@revolutionplus.org,Nigeria,Insurtech/Proptech
NovaRick Homes,info@novarick.com,Nigeria,Insurtech/Proptech
Structura,info@structura.ng,Nigeria,Insurtech/Proptech
Landwey Investment,info@landwey.net,Nigeria,Insurtech/Proptech
Adron Homes,info@adronhomesproperties.com,Nigeria,Insurtech/Proptech
Octo5 Holdings,info@octo5.com,Nigeria,Insurtech/Proptech
Alpha Mead,info@alphameadgroup.com,Nigeria,Insurtech/Proptech
Techpoint Africa,info@techpoint.africa,Nigeria,Media/Creative Tech
TechCabal,info@techcabal.com,Nigeria,Media/Creative Tech
Nairametrics,info@nairametrics.com,Nigeria,Media/Creative Tech
BusinessDay Digital,digital@businessday.ng,Nigeria,Media/Creative Tech
The Cable,info@thecable.ng,Nigeria,Media/Creative Tech
Pulse Nigeria,info@pulse.ng,Nigeria,Media/Creative Tech
BellaNaija,info@bellanaija.com,Nigeria,Media/Creative Tech
LindaIkeji Tech,info@lindaikejisblog.com,Nigeria,Media/Creative Tech
Zikoko,hello@zikoko.com,Nigeria,Media/Creative Tech
Guardian Nigeria Digital,digital@guardian.ng,Nigeria,Media/Creative Tech
Vanguard Digital,digital@vanguardngr.com,Nigeria,Media/Creative Tech
Channels Digital,digital@channelstv.com,Nigeria,Media/Creative Tech
TVC News Digital,digital@tvcnews.tv,Nigeria,Media/Creative Tech
AIT Digital,digital@ait.live,Nigeria,Media/Creative Tech
Showmax Nigeria,info.ng@showmax.com,Nigeria,Media/Creative Tech
Netflix Nigeria,info.ng@netflix.com,Nigeria,Media/Creative Tech
Amazon Prime Nigeria,info.ng@amazon.com,Nigeria,Media/Creative Tech
Boomplay,info@boomplaymusic.com,Nigeria,Media/Creative Tech
Audiomack Nigeria,info.ng@audiomack.com,Nigeria,Media/Creative Tech
TurnTable Charts,info@turntablecharts.com,Nigeria,Media/Creative Tech
NotJustOk,info@notjustok.com,Nigeria,Media/Creative Tech
OkayAfrica Nigeria,info.ng@okayafrica.com,Nigeria,Media/Creative Tech
YNaija,info@ynaija.com,Nigeria,Media/Creative Tech
Konga Entertainment,entertainment@konga.com,Nigeria,Media/Creative Tech
iROKOtv,info@irokotv.com,Nigeria,Media/Creative Tech
Iroko Partners,info@irokopartners.com,Nigeria,Media/Creative Tech
Nollywood Factory,info@nollywoodfactory.com,Nigeria,Media/Creative Tech
EbonyLife Digital,digital@ebonylifetv.com,Nigeria,Media/Creative Tech
Ndani TV,info@ndanitv.com,Nigeria,Media/Creative Tech
Native Mag,info@thenativemag.com,Nigeria,Media/Creative Tech
Geek Culture NG,info@geekculture.ng,Nigeria,Media/Creative Tech
Glitch Africa,info@glitchafrica.com,Nigeria,Media/Creative Tech
MAX.ng,hello@max.ng,Nigeria,Mobility/Energy
Shuttlers,hello@shuttlers.ng,Nigeria,Mobility/Energy
Moove Africa,hello@moove.africa,Nigeria,Mobility/Energy
Roam Electric,hello@roamelectric.com,Nigeria,Mobility/Energy
Starsight Energy,info@starsightenergy.com,Nigeria,Mobility/Energy
Rensource Energy,info@rensource.energy,Nigeria,Mobility/Energy
Auxano Solar,info@auxanosolar.com,Nigeria,Mobility/Energy
Konexa,info@konexa.io,Nigeria,Mobility/Energy
Arnergy,info@arnergy.com,Nigeria,Mobility/Energy
Daystar Power,info@daystarpower.com,Nigeria,Mobility/Energy
GridX Africa,info@gridxafrica.com,Nigeria,Mobility/Energy
SolarNigeria,info@solarnigeria.com,Nigeria,Mobility/Energy
Lumos Nigeria,info.ng@lumos-global.com,Nigeria,Mobility/Energy
Nova Power,info@novapower.ng,Nigeria,Mobility/Energy
PowerUp,info@powerup.ng,Nigeria,Mobility/Energy
EnergyVault NG,info@energyvault.ng,Nigeria,Mobility/Energy
Lekki Ride,info@lekkiride.com,Nigeria,Mobility/Energy
Safeboda Nigeria,hello.ng@safeboda.com,Nigeria,Mobility/Energy
Uber Nigeria,nigeria@uber.com,Nigeria,Mobility/Energy
InDrive Nigeria,nigeria@indrive.com,Nigeria,Mobility/Energy
OYARIDE,info@oyaride.com,Nigeria,Mobility/Energy
BusyTaxi,info@busytaxi.ng,Nigeria,Mobility/Energy
Lagride,info@lagride.com,Nigeria,Mobility/Energy
AbokiFX,info@abokifx.com,Nigeria,Mobility/Energy
Motaxi,info@motaxi.ng,Nigeria,Mobility/Energy
Swift Commute,info@swiftcommute.ng,Nigeria,Mobility/Energy
Tipper App,info@tipperapp.ng,Nigeria,Mobility/Energy
Tranzit,info@tranzit.ng,Nigeria,Mobility/Energy
Safaricom,careers@safaricom.co.ke,Kenya,Telecom
M-Pesa Africa,careers@mpesaafrica.com,Kenya,Fintech
Twiga Foods,hello@twiga.com,Kenya,Agritech
Sendy,hello@sendy.co.ke,Kenya,Logistics
Cellulant,info@cellulant.io,Kenya,Fintech
Tala Kenya,careers@tala.co,Kenya,Fintech
Apollo Agriculture,hello@apolloagriculture.com,Kenya,Agritech
Lipa Later,hello@lipalater.com,Kenya,Fintech
iPay Africa,info@ipayafrica.com,Kenya,Fintech
Pezesha,info@pezesha.com,Kenya,Fintech
Kopo Kopo,info@kopokopo.com,Kenya,Fintech
Kyosk,hello@kyosk.app,Kenya,B2B Commerce
WeFarm,hello@wefarm.org,Kenya,Agritech
Pula Advisors,hello@pula-advisors.com,Kenya,Insurtech
Turaco,hello@turaco.co,Kenya,Insurtech
Ilara Health,hello@ilara-health.com,Kenya,Healthtech
Moringa School,info@moringaschool.com,Kenya,EdTech
Africa's Talking,hello@africastalking.com,Kenya,API
Copia Global,info@copiaglobal.com,Kenya,E-commerce
Wasoko,hello@wasoko.com,Kenya,B2B Commerce
Marketforce,hello@marketforce.io,Kenya,SaaS
Craft Silicon,info@craftsilicon.com,Kenya,Fintech
Stawi,info@stawi.co.ke,Kenya,Fintech
Lendable Kenya,info.ke@lendable.io,Kenya,Fintech
Kwara,hello@kwara.com,Kenya,Fintech
Wapi Pay,hello@wapipay.com,Kenya,Fintech
AZA Finance,info@azafinance.com,Kenya,Fintech
M-KOPA,hello@m-kopa.com,Kenya,Energy Tech
SunCulture,info@sunculture.com,Kenya,Agritech
FarmDrive,hello@farmdrive.co.ke,Kenya,Agritech
Ushahidi,info@ushahidi.com,Kenya,Social Tech
Sanergy,info@sanergy.com,Kenya,CleanTech
iHub,info@ihub.co.ke,Kenya,Tech Hub
Nairobi Garage,hello@nairobigarage.com,Kenya,Tech Hub
Andela Kenya,talent.ke@andela.com,Kenya,Tech Talent
Fuzu,hello@fuzu.com,Kenya,HR Tech
BrighterMonday Kenya,info@brightermonday.co.ke,Kenya,HR Tech
Chipper Cash Kenya,hello.ke@chippercash.com,Kenya,Fintech
Flutterwave Kenya,careers.ke@flutterwave.com,Kenya,Fintech
Google Kenya,careers.ke@google.com,Kenya,Big Tech
Microsoft Kenya,careers.ke@microsoft.com,Kenya,Big Tech
IBM Kenya,careers.ke@ibm.com,Kenya,Big Tech
Oracle Kenya,careers.ke@oracle.com,Kenya,Big Tech
Huawei Kenya,careers.ke@huawei.com,Kenya,Big Tech
Eneza Education,info@enezaeducation.com,Kenya,EdTech
Greenlight Planet,info@greenlightplanet.com,Kenya,Energy
Burn Manufacturing,info@burnmfg.com,Kenya,CleanTech
Lima Links,info@limalinks.com,Kenya,Agritech
Niobi,hello@niobi.co,Kenya,Fintech
Umba Kenya,hello@umba.com,Kenya,Fintech
Asante Financial,hello@asante.africa,Kenya,Fintech
Jumo Kenya,info.ke@jumo.world,Kenya,Fintech
Carry1st Kenya,hello.ke@carry1st.com,Kenya,Gaming
mTek Services,info@mtek.africa,Kenya,Insurtech
Equity Bank Digital,digital@equitybank.co.ke,Kenya,Fintech
KCB Digital,digital@kcbgroup.com,Kenya,Fintech
Cooperative Bank Digital,digital@co-opbank.co.ke,Kenya,Fintech
NCBA Digital,digital@ncbagroup.com,Kenya,Fintech
I&M Bank Digital,digital@imbank.com,Kenya,Fintech
DTB Digital,digital@dtbbank.com,Kenya,Fintech
Absa Kenya Digital,digital@absa.co.ke,Kenya,Fintech
StanChart Kenya Digital,digital@sc.com,Kenya,Fintech
Airtel Kenya Money,money.ke@airtel.com,Kenya,Fintech
Telkom Kenya Digital,digital@telkom.co.ke,Kenya,Telecom
Faulu Bank Digital,digital@faulukenya.com,Kenya,Fintech
SMEP Digital,digital@smep.co.ke,Kenya,Fintech
Jamii Bora Digital,digital@jamiibora.co.ke,Kenya,Fintech
Letshego Kenya,info.ke@letshego.com,Kenya,Fintech
Musoni Kenya,info@musoni.co.ke,Kenya,Fintech
Laboremus,info@laboremus.ug,Kenya,Tech
Kopo Pay,info@kopopay.co.ke,Kenya,Fintech
Pesapal,info@pesapal.com,Kenya,Fintech
JamboPay,info@jambopay.com,Kenya,Fintech
Dial Afrika,info@dialafrika.com,Kenya,Fintech
PayHero,info@payhero.co.ke,Kenya,HR Tech
Workpay Kenya,hello.ke@workpay.africa,Kenya,HR Tech
Duma Works,info@dumaworks.com,Kenya,HR Tech
Lynk,hello@lynk.co.ke,Kenya,Gig Tech
Ajira Digital,info@ajiradigital.go.ke,Kenya,GovTech
DigitizedCX,info@digitizedcx.com,Kenya,Tech
NovaStar Ventures,info@novastarventures.com,Kenya,VC
Novastar Kenya,info.ke@novastarventures.com,Kenya,VC
Savannah Fund,info@savannah.vc,Kenya,VC
Chandaria Capital,info@chandaria.biz,Kenya,VC
DOB Equity,info@dobequity.com,Kenya,VC
4DX Ventures,info@4dxventures.com,Kenya,VC
Kepple Africa,info@kepple-africa.com,Kenya,VC
Techbridge Kenya,info@techbridge.ke,Kenya,Tech Hub
Takealot,careers@takealot.com,South Africa,E-commerce
Ozow,info@ozow.com,South Africa,Fintech
Yoco,hello@yoco.com,South Africa,Fintech
Peach Payments,info@peachpayments.com,South Africa,Fintech
Luno,support@luno.com,South Africa,Crypto
Nomanini,info@nomanini.com,South Africa,Fintech
Ukheshe,info@ukheshe.com,South Africa,Fintech
SnapScan,hello@snapscan.co.za,South Africa,Fintech
Mobicred,info@mobicred.co.za,South Africa,Fintech
Lulalend,info@lulalend.co.za,South Africa,Fintech
DataProphet,info@dataprophet.com,South Africa,AI/ML
Aerobotics,info@aerobotics.com,South Africa,Agritech/AI
Lumkani,info@lumkani.com,South Africa,Insurtech
Naked Insurance,info@naked.insure,South Africa,Insurtech
Root Insurance,info@root.co.za,South Africa,Insurtech
Pineapple Insurance,info@pineapple.co.za,South Africa,Insurtech
Synthesis Software,info@synthesis.co.za,South Africa,Fintech
Clickatell,info@clickatell.com,South Africa,Communications
Entersekt,info@entersekt.com,South Africa,Security Tech
Carry1st,hello@carry1st.com,South Africa,Gaming Tech
Bob Group,info@bobgroup.com,South Africa,E-commerce
Skynamo,info@skynamo.com,South Africa,SaaS
BCX,info@bcx.co.za,South Africa,IT Services
iOCO,info@ioco.tech,South Africa,IT Services
Altron,careers@altron.com,South Africa,IT Services
Dimension Data,careers@dimensiondata.com,South Africa,IT Services
Liquid Intelligent Tech,info@liquid.tech,South Africa,Telecom
Vodacom Business SA,business@vodacom.co.za,South Africa,Telecom
MTN South Africa,careers@mtn.com,South Africa,Telecom
Rain SA,hello@rain.co.za,South Africa,Telecom
FNB Digital,digital@fnb.co.za,South Africa,Fintech
Standard Bank Digital,digital@standardbank.co.za,South Africa,Fintech
Capitec Digital,digital@capitecbank.co.za,South Africa,Fintech
Absa SA Digital,digital@absa.co.za,South Africa,Fintech
Nedbank Digital,digital@nedbank.co.za,South Africa,Fintech
Discovery Vitality,vitality@discovery.co.za,South Africa,Healthtech
EasyEquities,info@easyequities.co.za,South Africa,Fintech
TymeBank,hello@tymebank.co.za,South Africa,Neobank
Bank Zero,hello@bankzero.co.za,South Africa,Neobank
Franc,hello@franc.co.za,South Africa,Fintech
Offerzen,hello@offerzen.com,South Africa,Tech Talent
GetSmarter,info@getsmarter.com,South Africa,EdTech
HyperionDev,info@hyperiondev.com,South Africa,EdTech
WeThinkCode_,info@wethinkcode.co.za,South Africa,EdTech
CodeSpace SA,info@codespace.co.za,South Africa,EdTech
Harambee,info@harambee.co.za,South Africa,HR Tech
LifeCheq,info@lifecheq.co.za,South Africa,Fintech
Mobiz,info@mobiz.co.za,South Africa,Marketing Tech
WiGroup SA,info@wigroup.co.za,South Africa,Tech
Norsani,info@norsani.co.za,South Africa,E-commerce
Zapper SA,hello@zapper.com,South Africa,Fintech
Spot Money,hello@spotmoney.co.za,South Africa,Fintech
Khula SA,hello@khula.co.za,South Africa,Fintech
Simply Financial SA,info@simply.co.za,South Africa,Insurtech
Sanlam Digital,digital@sanlam.co.za,South Africa,Fintech
Old Mutual Digital,digital@oldmutual.com,South Africa,Fintech
Allan Gray Digital,digital@allangray.co.za,South Africa,Fintech
Momentum Digital,digital@momentum.co.za,South Africa,Fintech
Liberty Digital,digital@liberty.co.za,South Africa,Fintech
PPS Digital,digital@pps.co.za,South Africa,Insurtech
Bidvest Bank Digital,digital@bidvestbank.co.za,South Africa,Fintech
African Bank Digital,digital@africanbank.co.za,South Africa,Fintech
Grobank Digital,digital@grobank.co.za,South Africa,Fintech
SA Home Loans Digital,digital@sahomeloans.com,South Africa,Fintech
RCS Group Digital,digital@rcsgroup.co.za,South Africa,Fintech
DirectAxis Digital,digital@directaxis.co.za,South Africa,Fintech
Jumo SA,info.sa@jumo.world,South Africa,Fintech
Flash Group,info@flashgroup.mobi,South Africa,Fintech
Nuvei SA,info.sa@nuvei.com,South Africa,Fintech
DPO Group,info@dpo.group,South Africa,Fintech
PayGate SA,info@paygate.co.za,South Africa,Fintech
Peach Payments SA,info.sa@peachpayments.com,South Africa,Fintech
Payflex,info@payflex.co.za,South Africa,Fintech
Jumo Extend,extend.sa@jumo.world,South Africa,Fintech
Retail Capital SA,info.sa@retailcapital.co.za,South Africa,Fintech
Business Partners,info@businesspartners.co.za,South Africa,Fintech
Yellowwood,info@yellowwood.co.za,South Africa,Tech
Entelect,info@entelect.co.za,South Africa,Tech
BBD Software,info@bbd.co.za,South Africa,Tech
DVT,info@dvt.co.za,South Africa,Tech
Synthesis SA,info.sa@synthesis.co.za,South Africa,Tech
Derivco,info@derivco.com,South Africa,Gaming Tech
Praekelt Foundation,info@praekelt.org,South Africa,Social Tech
Meraka Institute CSIR,info@csir.co.za,South Africa,Research Tech
SITA SA,info@sita.co.za,South Africa,GovTech
Telkom Digital SA,digital@telkom.co.za,South Africa,Telecom
Cell C Digital,digital@cellc.co.za,South Africa,Telecom
CIVH,info@civh.co.za,South Africa,Telecom
Dark Fibre Africa,info@dfafrica.co.za,South Africa,Telecom
Evotel,info@evotel.co.za,South Africa,Telecom
Frogfoot Networks,info@frogfoot.com,South Africa,Telecom
mPharma,hello@mpharma.com,Ghana,Healthtech
Hubtel,info@hubtel.com,Ghana,Fintech
Zeepay,info@myzeepay.com,Ghana,Fintech
Farmerline,hello@farmerline.co,Ghana,Agritech
Dash Ghana,hello@dash.app,Ghana,Fintech
Float Ghana,hello@floatapp.co,Ghana,Fintech
Rancard Solutions,info@rancard.com,Ghana,Tech
Agrocenta,info@agrocenta.com,Ghana,Agritech
Redbird,info@redbird.co,Ghana,Fintech
DreamOval,info@dreamoval.com,Ghana,Tech
MEST Africa,info@meltwater.org,Ghana,Tech Hub
Payswitch,info@payswitch.com.gh,Ghana,Fintech
SlydePay,info@slydepay.com.gh,Ghana,Fintech
ExpressPay,info@expresspay.com.gh,Ghana,Fintech
Nsano,info@nsano.com,Ghana,Fintech
mPower Payments,info@mpower.com.gh,Ghana,Fintech
MTN Ghana MoMo,momo@mtn.com.gh,Ghana,Fintech
Vodafone Ghana Cash,vcash@vodafone.com.gh,Ghana,Fintech
AirtelTigo Money,money@airteltigo.com.gh,Ghana,Fintech
Esoko Ghana,info@esoko.com,Ghana,Agritech
Chipper Cash Ghana,hello.gh@chippercash.com,Ghana,Fintech
Flutterwave Ghana,careers.gh@flutterwave.com,Ghana,Fintech
Interpay Africa,info@interpayafrica.com,Ghana,Fintech
Migo Ghana,info.gh@migo.money,Ghana,Fintech
Kofa Ghana,hello@kofa.africa,Ghana,Energy Tech
Nvoicia Ghana,info@nvoicia.com,Ghana,Fintech
OZA Ghana,info.gh@oza.africa,Ghana,Fintech
Tulaa Ghana,info.gh@tulaa.io,Ghana,Agritech
First Bank Ghana Digital,digital@firstbankghana.com,Ghana,Fintech
GCB Digital,digital@gcbbank.com.gh,Ghana,Fintech
Absa Ghana Digital,digital@absa.com.gh,Ghana,Fintech
Stanbic Ghana,digital@stanbicbank.com.gh,Ghana,Fintech
Fidelity Ghana Digital,digital@fidelitybank.com.gh,Ghana,Fintech
CalBank Digital,digital@calbank.net,Ghana,Fintech
Consolidated Bank Ghana,digital@cbg.com.gh,Ghana,Fintech
Republic Bank Ghana,digital@republicghana.com,Ghana,Fintech
Access Ghana Digital,digital@accessbankgh.com,Ghana,Fintech
UMB Ghana Digital,digital@umbankgh.com,Ghana,Fintech
GT Bank Ghana,digital@gtbghana.com,Ghana,Fintech
SG Ghana Digital,digital@sgghana.com,Ghana,Fintech
Ecobank Ghana Digital,digital@ecobank.com,Ghana,Fintech
Agriculture Dev Bank,info@adbghana.com,Ghana,Fintech
NIB Ghana,info@nibghana.com,Ghana,Fintech
OmniBank Ghana,info@omnibank.com.gh,Ghana,Fintech
Opportunity Bank Ghana,info@opportunityghana.com,Ghana,Fintech
Letshego Ghana,info.gh@letshego.com,Ghana,Fintech
Advans Ghana,info@advansghana.com,Ghana,Fintech
Izwe Loans Ghana,info@izweloans.com.gh,Ghana,Fintech
RightClick Ghana,info@rightclick.com.gh,Ghana,Tech
iPad Ghana,info@ipad.com.gh,Ghana,Tech
BusyInternet,info@busyinternet.com,Ghana,Tech
Surfline Ghana,info@surfline.com.gh,Ghana,Telecom
Glo Ghana,info@gloworld.com.gh,Ghana,Telecom
Whale,info@whale.com.gh,Ghana,Fintech
Susu Plus,info@susuplus.com.gh,Ghana,Fintech
Paycode,info@paycode.co.za,Ghana,Fintech
Zeepay Ghana2,info2@myzeepay.com,Ghana,Fintech
Nita Ghana,info@nita.gov.gh,Ghana,GovTech
Ghana Grid Company,digital@gridcogh.com,Ghana,Energy
GoGetter Ghana,info@gogetter.com.gh,Ghana,Logistics
Solvit Ghana,info@solvit.com.gh,Ghana,Tech
Farmable Ghana,info.gh@farmable.ng,Ghana,Agritech
WEE Network,info@weenetwork.org,Ghana,Tech
Fawry,info@fawry.com,Egypt,Fintech
Swvl,hello@swvl.com,Egypt,Mobility
Instabug,hello@instabug.com,Egypt,Dev Tools
Halan,hello@halan.com,Egypt,Mobility
Paymob,info@paymob.com,Egypt,Fintech
Khazna,hello@khazna.app,Egypt,Fintech
Rabbit Egypt,hello@rabbit.com.eg,Egypt,E-commerce
Breadfast,hello@breadfast.com,Egypt,E-commerce
Cartona,hello@cartona.com,Egypt,B2B Commerce
MaxAB,hello@maxab.io,Egypt,B2B Commerce
Trella,hello@trella.app,Egypt,Logistics
Bosta,hello@bosta.co,Egypt,Logistics
Vezeeta Egypt,info.eg@vezeeta.com,Egypt,Healthtech
Koinz,hello@koinz.me,Egypt,Loyalty
Flick Egypt,hello@flick.tech,Egypt,Fintech
Dopay,info@dopay.com,Egypt,Fintech
Sympl,hello@sympl.co,Egypt,Fintech
Dayra,hello@dayra.co,Egypt,Fintech
MoneyFellows,hello@moneyfellows.com,Egypt,Fintech
Telda,hello@telda.app,Egypt,Neobank
Yodawy,hello@yodawy.com,Egypt,Healthtech
Elmenus,hello@elmenus.com,Egypt,FoodTech
Noon Egypt,info.eg@noon.com,Egypt,E-commerce
Jumia Egypt,careers.eg@jumia.com,Egypt,E-commerce
Avito Egypt,info.eg@avito.com,Egypt,E-commerce
OLX Egypt,info.eg@olx.com,Egypt,E-commerce
Dubizzle Egypt,info.eg@dubizzle.com,Egypt,PropTech
Aqarmap,info@aqarmap.com,Egypt,PropTech
Homzmart,hello@homzmart.com,Egypt,E-commerce
Bokra,hello@bokra.net,Egypt,Fintech
Thndr,hello@thndr.app,Egypt,Fintech
Amanleek,hello@amanleek.com,Egypt,Insurtech
Shezlong,hello@shezlong.com,Egypt,Healthtech
Almouneer,info@almouneer.com,Egypt,Healthtech
Valeo Egypt,careers.eg@valeo.com,Egypt,AutoTech
Glovo Egypt,info.eg@glovoapp.com,Egypt,FoodTech
Amazon Egypt,info.eg@amazon.com,Egypt,E-commerce
Careem Egypt,info.eg@careem.com,Egypt,Mobility
Uber Egypt,egypt@uber.com,Egypt,Mobility
Swvl Egypt2,hello2@swvl.com,Egypt,Mobility
Elves,info@elves.com,Egypt,AI
Eventtus,info@eventtus.com,Egypt,Event Tech
Nafham,info@nafham.com,Egypt,EdTech
Edraak Egypt,info@edraak.org,Egypt,EdTech
Meddy Egypt,info.eg@meddy.com,Egypt,Healthtech
5aMsa,info@5amsa.com,Egypt,Healthtech
Rology,info@rology.com,Egypt,Healthtech
Yodawy2,hello2@yodawy.com,Egypt,Healthtech
Shefaa,info@shefaa.com,Egypt,Healthtech
Cleo Egypt,info.eg@cleo.com,Egypt,Healthtech
Cleopatra Hospital Digital,digital@cleopatra-hospital.com,Egypt,Healthtech
NBE Digital,digital@nbe.com.eg,Egypt,Fintech
Banque Misr Digital,digital@banquemisr.com,Egypt,Fintech
CIB Egypt Digital,digital@cibeg.com,Egypt,Fintech
QNB Egypt Digital,digital@qnbalahli.com,Egypt,Fintech
HSBC Egypt Digital,digital@hsbc.com.eg,Egypt,Fintech
Arab Bank Egypt,digital@arabbank.com.eg,Egypt,Fintech
Vodafone Egypt Cash,vcash@vodafone.com.eg,Egypt,Fintech
Orange Egypt Money,money@orange.eg,Egypt,Fintech
Etisalat Egypt Digital,digital@etisalat.eg,Egypt,Telecom
WE Egypt Digital,digital@te.eg,Egypt,Telecom
Lucky Egypt,hello.eg@lucky.money,Egypt,Fintech
Nexta Egypt,hello.eg@nexta.finance,Egypt,Fintech
Cassbana Egypt,info.eg@cassbana.com,Egypt,Fintech
YallaCompare Egypt,info@yallacompare.com,Egypt,Insurtech
Tameeni Egypt,info.eg@tameeni.com,Egypt,Insurtech
Kamela Egypt,hello.eg@kamela.co,Egypt,Insurtech
Aman Financial,info@aman.com.eg,Egypt,Fintech
ContactPlus,info@contactplus.com.eg,Egypt,Fintech
Premium Card,info@premiumcard.net,Egypt,Fintech
Fawry Plus,info@fawryplus.com,Egypt,Fintech
BM Wallet,info@bmwallet.com.eg,Egypt,Fintech
Meeza Egypt,info@meeza.net,Egypt,Fintech
Irembo,info@irembo.com,Rwanda,GovTech
Ampersand,hello@ampersandafrica.com,Rwanda,CleanTech
Kasha Rwanda,hello@kasha.africa,Rwanda,E-commerce
Zipline Rwanda,info.rw@flyzipline.com,Rwanda,Drone Tech
BK Tech Rwanda,info@bktech.rw,Rwanda,Fintech
MTN Rwanda MoMo,momo.rw@mtn.com,Rwanda,Fintech
Airtel Rwanda Money,money.rw@airtel.com,Rwanda,Fintech
Andela Rwanda,talent.rw@andela.com,Rwanda,Tech Talent
Norrsken Kigali,kigali@norrsken.org,Rwanda,Tech Hub
RwandaAir Digital,digital@rwandaair.com,Rwanda,TravelTech
Bank of Kigali Digital,digital@bk.rw,Rwanda,Fintech
I&M Bank Rwanda,digital@imbank.co.rw,Rwanda,Fintech
Equity Rwanda,digital.rw@equitybank.co.ke,Rwanda,Fintech
Letshego Rwanda,info.rw@letshego.com,Rwanda,Fintech
Urwego Bank,info@urwegobank.com,Rwanda,Fintech
Chapa,hello@chapa.co,Ethiopia,Fintech
Gebeya Ethiopia,info@gebeya.com,Ethiopia,Tech Talent
Safaricom Ethiopia,info.et@safaricom.et,Ethiopia,Telecom
HelloCash,info@hellocash.net,Ethiopia,Fintech
M-Birr,info@mbirr.com,Ethiopia,Fintech
Awash Bank Digital,digital@awashbank.com,Ethiopia,Fintech
CBE Digital,digital@combanketh.et,Ethiopia,Fintech
Zemen Bank Digital,digital@zemenbank.com,Ethiopia,Fintech
Kifiya Financial,info@kifiya.com,Ethiopia,Fintech
Deliver Addis,info@deliveraddis.com,Ethiopia,Logistics
EthioPay,info@ethiopay.com,Ethiopia,Fintech
Telebirr,info@ethiotelecom.et,Ethiopia,Fintech
Africa Soleil,info@africasoleil.com,Ethiopia,CleanTech
SolenoMed,info@solenomed.com,Ethiopia,Healthtech
Nala Money,hello@nala.com,Tanzania,Fintech
M-Pesa Tanzania,mpesa.tz@vodacom.com,Tanzania,Fintech
Tigo Pesa,tigopesa@tigo.co.tz,Tanzania,Fintech
CRDB Digital,digital@crdbbank.co.tz,Tanzania,Fintech
NMB Digital,digital@nmbbank.co.tz,Tanzania,Fintech
Selcom Tanzania,info@selcom.net,Tanzania,Fintech
Buni Hub,info@bunihub.com,Tanzania,Tech Hub
Airtel Money TZ,money.tz@airtel.com,Tanzania,Fintech
Halotel Tanzania,info@halotel.co.tz,Tanzania,Telecom
Dar Tech Hub,info@dartechhub.co.tz,Tanzania,Tech Hub
Twende Innovation,info@twende-innovation.org,Tanzania,Tech Hub
SafeBoda,hello@safeboda.com,Uganda,Mobility
Rocket Health,hello@rockethealth.care,Uganda,Healthtech
Fenix International,info@fenixintl.com,Uganda,Energy Tech
Yo Payments,info@yopaymentsug.com,Uganda,Fintech
PostBank Uganda,digital@postbank.co.ug,Uganda,Fintech
Absa Uganda Digital,digital@absa.co.ug,Uganda,Fintech
MTN Uganda MoMo,momo.ug@mtn.com,Uganda,Fintech
Airtel Uganda Money,money.ug@airtel.com,Uganda,Fintech
Makerere AI Lab,info@air.ug,Uganda,AI/ML
Hive Colab,info@hivecolab.org,Uganda,Tech Hub
Outbox Uganda,info@outbox.co.ug,Uganda,Tech Hub
Andela Uganda,talent.ug@andela.com,Uganda,Tech Talent
Craft IT Uganda,info@craftit.co.ug,Uganda,Tech
Hostalite,info@hostalite.com,Uganda,Tech
InTouch Senegal,info@intouchgroup.net,Senegal,Fintech
Wari,info@wari.com,Senegal,Fintech
Wave Senegal,hello.sn@wave.com,Senegal,Fintech
Joni Joni,info@jonijoni.com,Senegal,Fintech
Orange Money Senegal,money.sn@orange.com,Senegal,Fintech
Free Senegal Digital,digital@free.sn,Senegal,Telecom
Expresso Telecom,info@expressotelecom.com,Senegal,Telecom
Sonatel Digital,digital@sonatel.sn,Senegal,Telecom
Gainde 2000,info@gainde2000.sn,Senegal,GovTech
Baamtu Senegal,info@baamtu.com,Senegal,Tech
Maelis,info@maelis.net,Senegal,Tech
Sama Money Senegal,info@samamoney.com,Senegal,Fintech
Julaya,hello@julaya.co,Ivory Coast,Fintech
Djamo,hello@djamo.com,Ivory Coast,Fintech
CinetPay,info@cinetpay.com,Ivory Coast,Fintech
MTN CI MoMo,momo.ci@mtn.com,Ivory Coast,Fintech
Orange Money CI,money.ci@orange.com,Ivory Coast,Fintech
Moov Africa CI,info.ci@moov-africa.com,Ivory Coast,Fintech
PayDunya,info@paydunya.com,Ivory Coast,Fintech
Bizao CI,info@bizao.com,Ivory Coast,Fintech
Hub2 CI,info@hub2.io,Ivory Coast,Fintech
Semoa CI,info@semoa.mobi,Ivory Coast,Fintech
Aza Finance CI,info.ci@azafinance.com,Ivory Coast,Fintech
Yabx CI,info.ci@yabx.co,Ivory Coast,Fintech
CIH Bank Digital,digital@cihbank.ma,Morocco,Fintech
Attijariwafa Digital,digital@attijariwafa.com,Morocco,Fintech
Maroc Telecom Digital,digital@iam.ma,Morocco,Telecom
Orange Morocco,digital@orange.ma,Morocco,Telecom
Inwi Digital,digital@inwi.ma,Morocco,Telecom
CMI Morocco,info@cmi.co.ma,Morocco,Fintech
Cashplus Morocco,info@cashplus.ma,Morocco,Fintech
M2T Morocco,info@m2t.ma,Morocco,Fintech
Avito Morocco,info@avito.ma,Morocco,E-commerce
Jumia Morocco,careers.ma@jumia.com,Morocco,E-commerce
Glovo Morocco,info.ma@glovoapp.com,Morocco,FoodTech
Hmizate,info@hmizate.ma,Morocco,E-commerce
UM6P Ventures,info@um6pventures.ma,Morocco,VC/Tech
OCP Digital,digital@ocpgroup.ma,Morocco,Tech
Yabiladi Tech,tech@yabiladi.com,Morocco,Media Tech
EcoCash,info@econet.co.zw,Zimbabwe,Fintech
Paynow Zimbabwe,info@paynow.co.zw,Zimbabwe,Fintech
Steward Bank Digital,digital@stewardbank.co.zw,Zimbabwe,Fintech
NetOne Zimbabwe,info@netone.co.zw,Zimbabwe,Telecom
MTN Zambia MoMo,momo.zm@mtn.com,Zambia,Fintech
Airtel Zambia Money,money.zm@airtel.com,Zambia,Fintech
Zoona Zambia,info@zoona.com,Zambia,Fintech
TopUp Mama,info@topupmama.com,Zambia,B2B Commerce
Zazu,info@zazuzm.com,Zambia,Fintech
Mpesa Mozambique,mpesa.mz@vodacom.com,Mozambique,Fintech
mKesh,info@mkesh.co.mz,Mozambique,Fintech
e-Mola,info@emola.co.mz,Mozambique,Fintech
MTN Cameroon MoMo,momo.cm@mtn.com,Cameroon,Fintech
Orange Money CM,money.cm@orange.com,Cameroon,Fintech
Maviance,info@maviance.com,Cameroon,Fintech
Smobilpay,info@smobilpay.com,Cameroon,Fintech
PaySika,info@paysika.com,Cameroon,Fintech
Coris Money,info@corismoney.com,Burkina Faso,Fintech
Orange Money BF,money.bf@orange.com,Burkina Faso,Fintech
Sama Money Mali,info.ml@samamoney.com,Mali,Fintech
Orange Money Mali,money.ml@orange.com,Mali,Fintech
Multicaixa Express,info@multicaixa.ao,Angola,Fintech
Unitel Money,info@unitel.ao,Angola,Fintech
IntilaQ,info@intilaQ.tn,Tunisia,Tech Hub
Expensya,info@expensya.com,Tunisia,Fintech
CoinAfrique,info@coinafrique.com,Tunisia,E-commerce
Paymee,info@paymee.tn,Tunisia,Fintech
Flouci,info@flouci.app,Tunisia,Fintech
Dabchy,info@dabchy.com,Tunisia,E-commerce
Barter Tunisia,info@barter.tn,Tunisia,E-commerce
FNB Botswana Digital,digital@fnbbotswana.co.bw,Botswana,Fintech
Orange Botswana Money,money.bw@orange.com,Botswana,Fintech
Mascom Botswana Digital,digital@mascom.bw,Botswana,Telecom
Bank Windhoek Digital,digital@bankwindhoek.com.na,Namibia,Fintech
MTC Namibia,info@mtc.com.na,Namibia,Telecom
Telecom Namibia Digital,digital@telecom.na,Namibia,Telecom
GitLab,careers@gitlab.com,Global/Remote,DevOps
Automattic,jobs@automattic.com,Global/Remote,SaaS
Toptal,jobs@toptal.com,Global/Remote,Tech Talent
Turing,careers@turing.com,Global/Remote,Tech Talent
Remote.com,jobs@remote.com,Global/Remote,HR Tech
Deel,careers@deel.com,Global/Remote,HR Tech
Oyster HR,hello@oysterhr.com,Global/Remote,HR Tech
Vercel,careers@vercel.com,Global/Remote,Cloud
Netlify,careers@netlify.com,Global/Remote,Cloud
Supabase,careers@supabase.io,Global/Remote,Dev Tools
PlanetScale,careers@planetscale.com,Global/Remote,Dev Tools
Fly.io,careers@fly.io,Global/Remote,Cloud
Railway,team@railway.app,Global/Remote,Cloud
Render,careers@render.com,Global/Remote,Cloud
Cloudflare,careers@cloudflare.com,Global/Remote,Cloud/Security
Sentry,careers@sentry.io,Global/Remote,Dev Tools
Linear,careers@linear.app,Global/Remote,SaaS
Postman,careers@postman.com,Global/Remote,Dev Tools
GitHub,careers@github.com,Global/Remote,Dev Tools
JetBrains,careers@jetbrains.com,Global/Remote,Dev Tools
Replit,careers@repl.it,Global/Remote,Dev Tools
Retool,careers@retool.com,Global/Remote,No-code
AppSmith,careers@appsmith.com,Global/Remote,No-code
n8n,careers@n8n.io,Global/Remote,Automation
Make,careers@make.com,Global/Remote,Automation
Zapier,jobs@zapier.com,Global/Remote,Automation
Tines,careers@tines.com,Global/Remote,Automation
Webflow,careers@webflow.com,Global/Remote,No-code
Bubble,careers@bubble.io,Global/Remote,No-code
Airtable,careers@airtable.com,Global/Remote,SaaS
Notion,jobs@makenotion.com,Global/Remote,SaaS
Coda,careers@coda.io,Global/Remote,SaaS
ClickUp,careers@clickup.com,Global/Remote,SaaS
Monday.com,careers@monday.com,Global/Remote,SaaS
Asana,jobs@asana.com,Global/Remote,SaaS
Basecamp,jobs@basecamp.com,Global/Remote,SaaS
Doist,careers@doist.com,Global/Remote,SaaS
Loom,careers@loom.com,Global/Remote,SaaS
Miro,careers@miro.com,Global/Remote,SaaS
Figma,careers@figma.com,Global/Remote,Design
Canva,careers@canva.com,Global/Remote,Design
Sketch,careers@sketch.com,Global/Remote,Design
InVision,careers@invisionapp.com,Global/Remote,Design
Framer,careers@framer.com,Global/Remote,Design
Hotjar,careers@hotjar.com,Global/Remote,Analytics
Amplitude,careers@amplitude.com,Global/Remote,Analytics
Mixpanel,careers@mixpanel.com,Global/Remote,Analytics
PostHog,careers@posthog.com,Global/Remote,Analytics
FullStory,careers@fullstory.com,Global/Remote,Analytics
Heap,careers@heap.io,Global/Remote,Analytics
Segment,careers@segment.com,Global/Remote,Data
Snowflake,careers@snowflake.com,Global/Remote,Data
dbt Labs,careers@getdbt.com,Global/Remote,Data
Airbyte,careers@airbyte.com,Global/Remote,Data
Fivetran,careers@fivetran.com,Global/Remote,Data
Hightouch,careers@hightouch.com,Global/Remote,Data
Hugging Face,careers@huggingface.co,Global/Remote,AI/ML
Scale AI,careers@scale.com,Global/Remote,AI/ML
Cohere,careers@cohere.com,Global/Remote,AI/ML
Stability AI,careers@stability.ai,Global/Remote,AI/ML
Runway ML,careers@runwayml.com,Global/Remote,AI/ML
Perplexity AI,careers@perplexity.ai,Global/Remote,AI
Mistral AI,careers@mistral.ai,Global/Remote,AI
Together AI,careers@together.ai,Global/Remote,AI
Groq,careers@groq.com,Global/Remote,AI/Hardware
Replicate,careers@replicate.com,Global/Remote,AI
AssemblyAI,careers@assemblyai.com,Global/Remote,AI
ElevenLabs,careers@elevenlabs.io,Global/Remote,AI/Voice
Synthesia,careers@synthesia.io,Global/Remote,AI/Video
Descript,careers@descript.com,Global/Remote,AI/Audio
Grammarly,careers@grammarly.com,Global/Remote,AI/Writing
Weights & Biases,careers@wandb.com,Global/Remote,AI/ML
Jasper AI,careers@jasper.ai,Global/Remote,AI/Writing
Copy.ai,careers@copy.ai,Global/Remote,AI/Writing
Writesonic,careers@writesonic.com,Global/Remote,AI/Writing
Character AI,careers@character.ai,Global/Remote,AI
Midjourney,careers@midjourney.com,Global/Remote,AI/Image
Leonardo AI,careers@leonardo.ai,Global/Remote,AI/Image
Stripe,careers@stripe.com,Global/Remote,Fintech
Brex,careers@brex.com,Global/Remote,Fintech
Ramp,careers@ramp.com,Global/Remote,Fintech
Plaid,careers@plaid.com,Global/Remote,Fintech API
Chime,careers@chime.com,Global/Remote,Neobank
Revolut,careers@revolut.com,Global/Remote,Neobank
Wise,careers@wise.com,Global/Remote,Fintech
Coinbase,careers@coinbase.com,Global/Remote,Crypto
Binance,careers@binance.com,Global/Remote,Crypto
Kraken,careers@kraken.com,Global/Remote,Crypto
Ripple,careers@ripple.com,Global/Remote,Crypto
Chainalysis,careers@chainalysis.com,Global/Remote,Crypto
Alchemy,careers@alchemy.com,Global/Remote,Web3
ConsenSys,careers@consensys.net,Global/Remote,Web3
Paddle,careers@paddle.com,Global/Remote,Fintech/SaaS
Chargebee,careers@chargebee.com,Global/Remote,Fintech/SaaS
Zuora,careers@zuora.com,Global/Remote,Fintech/SaaS
HubSpot,jobs@hubspot.com,Global/Remote,SaaS/CRM
Salesforce,careers@salesforce.com,Global/Remote,SaaS/CRM
Intercom,careers@intercom.com,Global/Remote,SaaS
Zendesk,careers@zendesk.com,Global/Remote,SaaS
Freshworks,careers@freshworks.com,Global/Remote,SaaS
Pendo,careers@pendo.io,Global/Remote,SaaS
Gainsight,careers@gainsight.com,Global/Remote,SaaS
Typeform,careers@typeform.com,Global/Remote,SaaS
Mailchimp,careers@mailchimp.com,Global/Remote,Marketing Tech
Klaviyo,careers@klaviyo.com,Global/Remote,Marketing Tech
ActiveCampaign,careers@activecampaign.com,Global/Remote,Marketing
Brevo,careers@brevo.com,Global/Remote,Marketing Tech
ConvertKit,careers@convertkit.com,Global/Remote,Marketing
Beehiiv,careers@beehiiv.com,Global/Remote,Newsletter
Twilio,careers@twilio.com,Global/Remote,Communications API
Sendgrid,careers@sendgrid.com,Global/Remote,Communications
Vonage,careers@vonage.com,Global/Remote,Communications
MessageBird,careers@messagebird.com,Global/Remote,Communications
Auth0,careers@auth0.com,Global/Remote,Security
Clerk,careers@clerk.dev,Global/Remote,Security
WorkOS,careers@workos.com,Global/Remote,Security
1Password,careers@1password.com,Global/Remote,Security
Bitwarden,careers@bitwarden.com,Global/Remote,Security
Wiz,careers@wiz.io,Global/Remote,Security
Snyk,careers@snyk.io,Global/Remote,Security
HashiCorp,careers@hashicorp.com,Global/Remote,DevOps
Datadog,careers@datadoghq.com,Global/Remote,DevOps
New Relic,careers@newrelic.com,Global/Remote,DevOps
Grafana Labs,careers@grafana.com,Global/Remote,DevOps
Kong,careers@konghq.com,Global/Remote,API
Contentful,careers@contentful.com,Global/Remote,CMS
Sanity,careers@sanity.io,Global/Remote,CMS
Ghost,careers@ghost.org,Global/Remote,CMS
Shopify,careers@shopify.com,Global/Remote,E-commerce
BigCommerce,careers@bigcommerce.com,Global/Remote,E-commerce
Workday,careers@workday.com,Global/Remote,HR Tech
BambooHR,careers@bamboohr.com,Global/Remote,HR Tech
Gusto,careers@gusto.com,Global/Remote,HR Tech
Rippling,careers@rippling.com,Global/Remote,HR Tech
Lattice,careers@lattice.com,Global/Remote,HR Tech
Culture Amp,careers@cultureamp.com,Global/Remote,HR Tech
Personio,careers@personio.com,Global/Remote,HR Tech
HiBob,careers@hibob.com,Global/Remote,HR Tech
Coursera,careers@coursera.org,Global/Remote,EdTech
Udemy,careers@udemy.com,Global/Remote,EdTech
Pluralsight,careers@pluralsight.com,Global/Remote,EdTech
Skillshare,careers@skillshare.com,Global/Remote,EdTech
Duolingo,careers@duolingo.com,Global/Remote,EdTech
Codecademy,careers@codecademy.com,Global/Remote,EdTech
Scrimba,careers@scrimba.com,Global/Remote,EdTech
Frontend Masters,careers@frontendmasters.com,Global/Remote,EdTech
Linear B,careers@linearb.io,Global/Remote,Dev Tools
Shortcut,careers@shortcut.com,Global/Remote,SaaS
Height,careers@height.app,Global/Remote,SaaS
Plane,careers@plane.so,Global/Remote,SaaS
Jira (Atlassian),careers@atlassian.com,Global/Remote,SaaS
Confluence,careers2@atlassian.com,Global/Remote,SaaS
Trello,careers3@atlassian.com,Global/Remote,SaaS
Slack,careers@slack.com,Global/Remote,SaaS
Zoom,careers@zoom.us,Global/Remote,SaaS
Dropbox,careers@dropbox.com,Global/Remote,SaaS
Box,careers@box.com,Global/Remote,SaaS
Calendly,careers@calendly.com,Global/Remote,SaaS
Doodle,careers@doodle.com,Global/Remote,SaaS
SavvyCal,careers@savvycal.com,Global/Remote,SaaS
Cal.com,careers@cal.com,Global/Remote,SaaS
Lark Suite,careers@larksuite.com,Global/Remote,SaaS
Twist,careers@twist.com,Global/Remote,SaaS
Fathom,careers@fathom.video,Global/Remote,AI
Grain,careers@grain.com,Global/Remote,AI
Fireflies,careers@fireflies.ai,Global/Remote,AI
Otter AI,careers@otter.ai,Global/Remote,AI
Krisp,careers@krisp.ai,Global/Remote,AI
Claap,careers@claap.io,Global/Remote,SaaS
Tella,careers@tella.tv,Global/Remote,SaaS
Zight,careers@zight.com,Global/Remote,SaaS
Screencastify,careers@screencastify.com,Global/Remote,SaaS
Lottiefiles,careers@lottiefiles.com,Global/Remote,Design
Iconify,careers@iconify.design,Global/Remote,Design
Storyset,careers@storyset.com,Global/Remote,Design
Undraw,careers@undraw.co,Global/Remote,Design
Pexels,careers@pexels.com,Global/Remote,Media
Unsplash,careers@unsplash.com,Global/Remote,Media
Veed.io,careers@veed.io,Global/Remote,AI/Video
Kapwing,careers@kapwing.com,Global/Remote,AI/Video
Clipchamp,careers@clipchamp.com,Global/Remote,AI/Video
Submagic,careers@submagic.co,Global/Remote,AI/Video
Pika Labs,careers@pika.art,Global/Remote,AI/Video
Opus Clip,careers@opus.pro,Global/Remote,AI/Video
Riverside FM,careers@riverside.fm,Global/Remote,SaaS
Buzzsprout,careers@buzzsprout.com,Global/Remote,Podcast Tech
Transistor FM,careers@transistor.fm,Global/Remote,Podcast Tech
Anchor FM,careers@anchor.fm,Global/Remote,Podcast Tech
Podcastle,careers@podcastle.ai,Global/Remote,AI/Audio
Cleanvoice,careers@cleanvoice.ai,Global/Remote,AI/Audio
Auphonic,careers@auphonic.com,Global/Remote,AI/Audio
Resemble AI,careers@resemble.ai,Global/Remote,AI/Voice
Play.ht,careers@play.ht,Global/Remote,AI/Voice
Murf AI,careers@murf.ai,Global/Remote,AI/Voice
Speechify,careers@speechify.com,Global/Remote,AI/Voice
Listnr,careers@listnr.tech,Global/Remote,AI/Voice
Taplio,careers@taplio.com,Global/Remote,Marketing
Hypefury,careers@hypefury.com,Global/Remote,Marketing
Buffer Remote,hello@buffer.com,Global/Remote,SaaS
Hootsuite,careers@hootsuite.com,Global/Remote,Marketing
Sprout Social,careers@sproutsocial.com,Global/Remote,Marketing
Later,careers@later.com,Global/Remote,Marketing
Publer,careers@publer.io,Global/Remote,Marketing
SocialBee,careers@socialbee.com,Global/Remote,Marketing
MeetEdgar,careers@meetedgar.com,Global/Remote,Marketing
Sendible,careers@sendible.com,Global/Remote,Marketing
Agorapulse,careers@agorapulse.com,Global/Remote,Marketing
Planable,careers@planable.io,Global/Remote,Marketing
Kontentino,careers@kontentino.com,Global/Remote,Marketing
Iconosquare,careers@iconosquare.com,Global/Remote,Marketing
Semrush,careers@semrush.com,Global/Remote,Marketing
Ahrefs,careers@ahrefs.com,Global/Remote,Marketing
Moz,careers@moz.com,Global/Remote,Marketing
Screaming Frog,careers@screamingfrog.co.uk,Global/Remote,Marketing
Surfer SEO,careers@surferseo.com,Global/Remote,Marketing
Frase,careers@frase.io,Global/Remote,AI/Marketing
MarketMuse,careers@marketmuse.com,Global/Remote,AI/Marketing
Clearscope,careers@clearscope.io,Global/Remote,Marketing
BrightEdge,careers@brightedge.com,Global/Remote,Marketing
Conductor,careers@conductor.com,Global/Remote,Marketing
SE Ranking,careers@seranking.com,Global/Remote,Marketing
Mangools,careers@mangools.com,Global/Remote,Marketing
Ubersuggest,careers@ubersuggest.com,Global/Remote,Marketing
Wordstream,careers@wordstream.com,Global/Remote,Marketing
SpyFu,careers@spyfu.com,Global/Remote,Marketing
iSpionage,careers@ispionage.com,Global/Remote,Marketing
Similarweb,careers@similarweb.com,Global/Remote,Analytics
Alexa,careers@alexa.com,Global/Remote,Analytics
SimilarWeb2,info@similarweb.com,Global/Remote,Analytics
Statista,careers@statista.com,Global/Remote,Data
Exploding Topics,careers@explodingtopics.com,Global/Remote,Data
Glimpse,careers@meetglimpse.com,Global/Remote,Data
SparkToro,careers@sparktoro.com,Global/Remote,Marketing
Audiense,careers@audiense.com,Global/Remote,Marketing
Brandwatch,careers@brandwatch.com,Global/Remote,Marketing
Mention,careers@mention.com,Global/Remote,Marketing
Awario,careers@awario.com,Global/Remote,Marketing
Brand24,careers@brand24.com,Global/Remote,Marketing
Talkwalker,careers@talkwalker.com,Global/Remote,Marketing
Meltwater Remote,careers.remote@meltwater.com,Global/Remote,Marketing
Cision,careers@cision.com,Global/Remote,PR Tech
Muck Rack,careers@muckrack.com,Global/Remote,PR Tech
Prowly,careers@prowly.com,Global/Remote,PR Tech
Press Hunt,careers@presshunt.co,Global/Remote,PR Tech
HARO,careers@haro.com,Global/Remote,PR Tech
Qwoted,careers@qwoted.com,Global/Remote,PR Tech
SourceBottle,careers@sourcebottle.com,Global/Remote,PR Tech
Sourcery,careers@sourcery.ai,Global/Remote,Dev Tools
Tabnine,careers@tabnine.com,Global/Remote,Dev Tools
Kite,careers@kite.com,Global/Remote,Dev Tools
Pieces,careers@pieces.app,Global/Remote,Dev Tools
GitLens,careers@gitkraken.com,Global/Remote,Dev Tools
GitKraken,info@gitkraken.com,Global/Remote,Dev Tools
Tower Git,careers@git-tower.com,Global/Remote,Dev Tools
Fork,careers@fork.dev,Global/Remote,Dev Tools
Sublime Merge,careers@sublimetext.com,Global/Remote,Dev Tools
Kaleidoscope,careers@kaleidoscope.app,Global/Remote,Dev Tools
Polypane,careers@polypane.app,Global/Remote,Dev Tools
ResponsivelyApp,careers@responsively.app,Global/Remote,Dev Tools
Sizzy,careers@sizzy.co,Global/Remote,Dev Tools
PixelSnap,careers@getpixelsnap.com,Global/Remote,Dev Tools
Zeplin,careers@zeplin.io,Global/Remote,Design
Avocode,careers@avocode.com,Global/Remote,Design
Sympli,careers@sympli.io,Global/Remote,Design
Supernova,careers@supernova.io,Global/Remote,Design
Anima,careers@animaapp.com,Global/Remote,Design
UXPin,careers@uxpin.com,Global/Remote,Design
Axure,careers@axure.com,Global/Remote,Design
Mockplus,careers@mockplus.com,Global/Remote,Design
Balsamiq,careers@balsamiq.com,Global/Remote,Design
Whimsical,careers@whimsical.com,Global/Remote,Design
Moqups,careers@moqups.com,Global/Remote,Design
Justinmind,careers@justinmind.com,Global/Remote,Design
Marvel App,careers@marvelapp.com,Global/Remote,Design
Proto.io,careers@proto.io,Global/Remote,Design
Origami Studio,careers@facebook.com,Global/Remote,Design
Principle,careers@principleformac.com,Global/Remote,Design
Jumia Africa HQ,careers@jumia.com,Pan-African,E-commerce
Chipper Cash HQ,hello@chippercash.com,Pan-African,Fintech
MFS Africa,info@mfsafrica.com,Pan-African,Fintech
Zipline Africa,info@flyzipline.com,Pan-African,Drone Tech
AfriLabs,info@afrilabs.com,Pan-African,Tech Hub
Disrupt Africa,info@disrupt-africa.com,Pan-African,Media Tech
Google Africa,africa-careers@google.com,Pan-African,Big Tech
Microsoft Africa,africa-careers@microsoft.com,Pan-African,Big Tech
Meta Africa,africa-careers@meta.com,Pan-African,Big Tech
AWS Africa,africa-careers@amazon.com,Pan-African,Cloud
IBM Africa,africa-careers@ibm.com,Pan-African,Big Tech
Cisco Africa,africa-careers@cisco.com,Pan-African,Networking
Oracle Africa,africa-careers@oracle.com,Pan-African,Big Tech
SAP Africa,africa-careers@sap.com,Pan-African,ERP
Huawei Africa,africa-careers@huawei.com,Pan-African,Big Tech
Nokia Africa,africa-careers@nokia.com,Pan-African,Telecom
Ericsson Africa,africa-careers@ericsson.com,Pan-African,Telecom
Mastercard Africa,africa-careers@mastercard.com,Pan-African,Fintech
Visa Africa,africa-careers@visa.com,Pan-African,Fintech
Paypal Africa,africa-careers@paypal.com,Pan-African,Fintech
Standard Chartered Africa,africa-careers@sc.com,Pan-African,Fintech
Citibank Africa,africa-careers@citi.com,Pan-African,Fintech
Rand Merchant Bank Africa,info@rmb.co.za,Pan-African,Fintech
African Development Bank Tech,info@afdb.org,Pan-African,FinTech
